chr2,2995000,3005000,935
chr2,3000000,3010000,1683
chr2,3005000,3015000,1573
chr2,3010000,3020000,1823
chr2,3015000,3025000,1934
chr2,3020000,3030000,1573
chr2,3025000,3035000,1157
chr2,3030000,3040000,1045
chr2,3035000,3045000,1336
chr2,3040000,3050000,1486
chr2,3045000,3055000,2100
chr2,3050000,3060000,2099
chr2,3055000,3065000,1424
chr2,3060000,3070000,1461
chr2,3065000,3075000,1495
chr2,3070000,3080000,1084
chr2,3075000,3085000,1141
chr2,3080000,3090000,1854
chr2,3085000,3095000,2015
chr2,3090000,3100000,1678
chr2,3095000,3105000,1612
chr2,3100000,3110000,1969
chr2,3105000,3115000,1408
chr2,3110000,3120000,1272
chr2,3115000,3125000,1496
chr2,3120000,3130000,1498
chr2,3125000,3135000,1719
chr2,3130000,3140000,1680
chr2,3135000,3145000,1598
chr2,3140000,3150000,1596
chr2,3145000,3155000,1533
chr2,3150000,3160000,1987
chr2,3155000,3165000,2036
chr2,3160000,3170000,1881
chr2,3165000,3175000,1905
chr2,3170000,3180000,1791
chr2,3175000,3185000,1943
chr2,3180000,3190000,1513
chr2,3185000,3195000,2050
chr2,3190000,3200000,2352
chr2,3195000,3205000,2850
chr2,3200000,3210000,3644
chr2,3205000,3215000,2609
chr2,3210000,3220000,2309
chr2,3215000,3225000,2232
chr2,3220000,3230000,1842
chr2,3225000,3235000,2638
chr2,3230000,3240000,2563
chr2,3235000,3245000,2026
chr2,3240000,3250000,2933
chr2,3245000,3255000,3600
chr2,3250000,3260000,2573
chr2,3255000,3265000,1836
chr2,3260000,3270000,2080
chr2,3265000,3275000,1917
chr2,3270000,3280000,2641
chr2,3275000,3285000,2811
chr2,3280000,3290000,2055
chr2,3285000,3295000,1561
chr2,3290000,3300000,1866
chr2,3295000,3305000,2725
chr2,3300000,3310000,2808
chr2,3305000,3315000,2322
chr2,3310000,3320000,1646
chr2,3315000,3325000,1526
chr2,3320000,3330000,1603
chr2,3325000,3335000,1940
chr2,3330000,3340000,2826
chr2,3335000,3345000,4022
chr2,3340000,3350000,3343
chr2,3345000,3355000,2675
chr2,3350000,3360000,2464
chr2,3355000,3365000,1699
chr2,3360000,3370000,1923
chr2,3365000,3375000,1869
chr2,3370000,3380000,2199
chr2,3375000,3385000,2315
chr2,3380000,3390000,2131
chr2,3385000,3395000,2987
chr2,3390000,3400000,2573
chr2,3395000,3405000,1938
chr2,3400000,3410000,2126
chr2,3405000,3415000,1528
chr2,3410000,3420000,1893
chr2,3415000,3425000,2779
chr2,3420000,3430000,3217
chr2,3425000,3435000,3972
chr2,3430000,3440000,3067
chr2,3435000,3445000,2060
chr2,3440000,3450000,2513
chr2,3445000,3455000,2890
chr2,3450000,3460000,2732
chr2,3455000,3465000,2984
chr2,3460000,3470000,3658
chr2,3465000,3475000,2844
chr2,3470000,3480000,2361
chr2,3475000,3485000,2397
chr2,3480000,3490000,2022
chr2,3485000,3495000,2393
chr2,3490000,3500000,2917
chr2,3495000,3505000,2502
chr2,3500000,3510000,2692
chr2,3505000,3515000,3083
chr2,3510000,3520000,2926
chr2,3515000,3525000,3058
chr2,3520000,3530000,2871
chr2,3525000,3535000,2703
chr2,3530000,3540000,2897
chr2,3535000,3545000,2797
chr2,3540000,3550000,2268
chr2,3545000,3555000,1986
chr2,3550000,3560000,2777
chr2,3555000,3565000,2830
chr2,3560000,3570000,2257
chr2,3565000,3575000,2593
chr2,3570000,3580000,3350
chr2,3575000,3585000,3666
chr2,3580000,3590000,4313
chr2,3585000,3595000,4700
chr2,3590000,3600000,3279
chr2,3595000,3605000,2742
chr2,3600000,3610000,3289
chr2,3605000,3615000,3531
chr2,3610000,3620000,3599
chr2,3615000,3625000,4365
chr2,3620000,3630000,3982
chr2,3625000,3635000,4474
chr2,3630000,3640000,4119
chr2,3635000,3645000,2959
chr2,3640000,3650000,3521
chr2,3645000,3655000,3247
chr2,3650000,3660000,2457
chr2,3655000,3665000,2010
chr2,3660000,3670000,2011
chr2,3665000,3675000,2648
chr2,3670000,3680000,3603
chr2,3675000,3685000,3454
chr2,3680000,3690000,3051
chr2,3685000,3695000,3206
chr2,3690000,3700000,3747
chr2,3695000,3705000,3040
chr2,3700000,3710000,1906
chr2,3705000,3715000,2569
chr2,3710000,3720000,3736
chr2,3715000,3725000,3200
chr2,3720000,3730000,3156
chr2,3725000,3735000,2989
chr2,3730000,3740000,2356
chr2,3735000,3745000,2048
chr2,3740000,3750000,1684
chr2,3745000,3755000,1768
chr2,3750000,3760000,2234
chr2,3755000,3765000,2534
chr2,3760000,3770000,1860
chr2,3765000,3775000,2160
chr2,3770000,3780000,2622
chr2,3775000,3785000,2094
chr2,3780000,3790000,1793
chr2,3785000,3795000,2282
chr2,3790000,3800000,2395
chr2,3795000,3805000,2210
chr2,3800000,3810000,2603
chr2,3805000,3815000,2003
chr2,3810000,3820000,1574
chr2,3815000,3825000,1605
chr2,3820000,3830000,1769
chr2,3825000,3835000,2189
chr2,3830000,3840000,1793
chr2,3835000,3845000,1715
chr2,3840000,3850000,1721
chr2,3845000,3855000,1410
chr2,3850000,3860000,1568
chr2,3855000,3865000,1721
chr2,3860000,3870000,1634
chr2,3865000,3875000,1723
chr2,3870000,3880000,1995
chr2,3875000,3885000,4135
chr2,3880000,3890000,4561
chr2,3885000,3895000,2192
chr2,3890000,3900000,1572
chr2,3895000,3905000,1684
chr2,3900000,3910000,2135
chr2,3905000,3915000,2587
chr2,3910000,3920000,2133
chr2,3915000,3925000,2095
chr2,3920000,3930000,2148
chr2,3925000,3935000,1771
chr2,3930000,3940000,1161
chr2,3935000,3945000,1347
chr2,3940000,3950000,1459
chr2,3945000,3955000,1425
chr2,3950000,3960000,1496
chr2,3955000,3965000,1943
chr2,3960000,3970000,2510
chr2,3965000,3975000,1551
chr2,3970000,3980000,1366
chr2,3975000,3985000,1719
chr2,3980000,3990000,1328
chr2,3985000,3995000,1564
chr2,3990000,4000000,2231
chr2,3995000,4005000,1792
chr2,4000000,4010000,1506
chr2,4005000,4015000,1718
chr2,4010000,4020000,1463
chr2,4015000,4025000,1458
chr2,4020000,4030000,1608
chr2,4025000,4035000,1117
chr2,4030000,4040000,825
chr2,4035000,4045000,1693
chr2,4040000,4050000,2056
chr2,4045000,4055000,1497
chr2,4050000,4060000,1079
chr2,4055000,4065000,1115
chr2,4060000,4070000,1535
chr2,4065000,4075000,1536
chr2,4070000,4080000,1383
chr2,4075000,4085000,1648
chr2,4080000,4090000,1793
chr2,4085000,4095000,2201
chr2,4090000,4100000,1948
chr2,4095000,4105000,1050
chr2,4100000,4110000,1049
chr2,4105000,4115000,1386
chr2,4110000,4120000,1462
chr2,4115000,4125000,3182
chr2,4120000,4130000,3586
chr2,4125000,4135000,2143
chr2,4130000,4140000,2226
chr2,4135000,4145000,2258
chr2,4140000,4150000,1546
chr2,4145000,4155000,1199
chr2,4150000,4160000,1796
chr2,4155000,4165000,1872
chr2,4160000,4170000,1923
chr2,4165000,4175000,1872
chr2,4170000,4180000,1524
chr2,4175000,4185000,1586
chr2,4180000,4190000,1864
chr2,4185000,4195000,1845
chr2,4190000,4200000,1111
chr2,4195000,4205000,1118
chr2,4200000,4210000,1836
chr2,4205000,4215000,1762
chr2,4210000,4220000,2247
chr2,4215000,4225000,2649
chr2,4220000,4230000,2052
chr2,4225000,4235000,1725
chr2,4230000,4240000,2019
chr2,4235000,4245000,1869
chr2,4240000,4250000,1124
chr2,4245000,4255000,1124
chr2,4250000,4260000,1687
chr2,4255000,4265000,1503
chr2,4260000,4270000,1268
chr2,4265000,4275000,1644
chr2,4270000,4280000,1841
chr2,4275000,4285000,1649
chr2,4280000,4290000,1910
chr2,4285000,4295000,1966
chr2,4290000,4300000,1220
chr2,4295000,4305000,998
chr2,4300000,4310000,1450
chr2,4305000,4315000,2269
chr2,4310000,4320000,2118
chr2,4315000,4325000,1493
chr2,4320000,4330000,1335
chr2,4325000,4335000,1305
chr2,4330000,4340000,1257
chr2,4335000,4345000,1335
chr2,4340000,4350000,1463
chr2,4345000,4355000,1762
chr2,4350000,4360000,1870
chr2,4355000,4365000,1568
chr2,4360000,4370000,1572
chr2,4365000,4375000,1724
chr2,4370000,4380000,1687
chr2,4375000,4385000,1873
chr2,4380000,4390000,1843
chr2,4385000,4395000,1708
chr2,4390000,4400000,1774
chr2,4395000,4405000,1456
chr2,4400000,4410000,1350
chr2,4405000,4415000,1876
chr2,4410000,4420000,1914
chr2,4415000,4425000,2027
chr2,4420000,4430000,1835
chr2,4425000,4435000,1275
chr2,4430000,4440000,1777
chr2,4435000,4445000,1930
chr2,4440000,4450000,1270
chr2,4445000,4455000,1004
chr2,4450000,4460000,1609
chr2,4455000,4465000,1920
chr2,4460000,4470000,1623
chr2,4465000,4475000,1449
chr2,4470000,4480000,2921
chr2,4475000,4485000,4143
chr2,4480000,4490000,2632
chr2,4485000,4495000,1577
chr2,4490000,4500000,1838
chr2,4495000,4505000,1797
chr2,4500000,4510000,1758
chr2,4505000,4515000,1758
chr2,4510000,4520000,1901
chr2,4515000,4525000,2012
chr2,4520000,4530000,1798
chr2,4525000,4535000,1572
chr2,4530000,4540000,1347
chr2,4535000,4545000,1608
chr2,4540000,4550000,2549
chr2,4545000,4555000,2578
chr2,4550000,4560000,2144
chr2,4555000,4565000,2388
chr2,4560000,4570000,2312
chr2,4565000,4575000,2344
chr2,4570000,4580000,2120
chr2,4575000,4585000,1607
chr2,4580000,4590000,1610
chr2,4585000,4595000,2101
chr2,4590000,4600000,2713
chr2,4595000,4605000,2536
chr2,4600000,4610000,2127
chr2,4605000,4615000,1725
chr2,4610000,4620000,2360
chr2,4615000,4625000,2593
chr2,4620000,4630000,2431
chr2,4625000,4635000,2086
chr2,4630000,4640000,1131
chr2,4635000,4645000,1188
chr2,4640000,4650000,1482
chr2,4645000,4655000,1514
chr2,4650000,4660000,1625
chr2,4655000,4665000,1755
chr2,4660000,4670000,1666
chr2,4665000,4675000,1496
chr2,4670000,4680000,1210
chr2,4675000,4685000,1234
chr2,4680000,4690000,1835
chr2,4685000,4695000,2283
chr2,4690000,4700000,1793
chr2,4695000,4705000,1349
chr2,4700000,4710000,1641
chr2,4705000,4715000,1788
chr2,4710000,4720000,1646
chr2,4715000,4725000,1569
chr2,4720000,4730000,1647
chr2,4725000,4735000,2018
chr2,4730000,4740000,2002
chr2,4735000,4745000,1542
chr2,4740000,4750000,1275
chr2,4745000,4755000,1516
chr2,4750000,4760000,1648
chr2,4755000,4765000,1633
chr2,4760000,4770000,1540
chr2,4765000,4775000,1403
chr2,4770000,4780000,1647
chr2,4775000,4785000,1569
chr2,4780000,4790000,1785
chr2,4785000,4795000,2792
chr2,4790000,4800000,2589
chr2,4795000,4805000,2242
chr2,4800000,4810000,2487
chr2,4805000,4815000,2540
chr2,4810000,4820000,2206
chr2,4815000,4825000,1686
chr2,4820000,4830000,1349
chr2,4825000,4835000,863
chr2,4830000,4840000,1121
chr2,4835000,4845000,1045
chr2,4840000,4850000,579
chr2,4845000,4855000,726
chr2,4850000,4860000,1035
chr2,4855000,4865000,1636
chr2,4860000,4870000,2473
chr2,4865000,4875000,2175
chr2,4870000,4880000,1419
chr2,4875000,4885000,1484
chr2,4880000,4890000,2080
chr2,4885000,4895000,1864
chr2,4890000,4900000,1124
chr2,4895000,4905000,1576
chr2,4900000,4910000,1645
chr2,4905000,4915000,1413
chr2,4910000,4920000,2515
chr2,4915000,4925000,3570
chr2,4920000,4930000,2923
chr2,4925000,4935000,3148
chr2,4930000,4940000,3199
chr2,4935000,4945000,1755
chr2,4940000,4950000,1418
chr2,4945000,4955000,1651
chr2,4950000,4960000,2083
chr2,4955000,4965000,2205
chr2,4960000,4970000,2038
chr2,4965000,4975000,1974
chr2,4970000,4980000,1923
chr2,4975000,4985000,1764
chr2,4980000,4990000,1927
chr2,4985000,4995000,2172
chr2,4990000,5000000,2493
chr2,4995000,5005000,2098
chr2,5000000,5010000,1575
chr2,5005000,5015000,2097
chr2,5010000,5020000,1683
chr2,5015000,5025000,1343
chr2,5020000,5030000,1617
chr2,5025000,5035000,1698
chr2,5030000,5040000,1837
chr2,5035000,5045000,2698
chr2,5040000,5050000,2652
chr2,5045000,5055000,1783
chr2,5050000,5060000,1489
chr2,5055000,5065000,971
chr2,5060000,5070000,922
chr2,5065000,5075000,1495
chr2,5070000,5080000,1547
chr2,5075000,5085000,1235
chr2,5080000,5090000,1375
chr2,5085000,5095000,1722
chr2,5090000,5100000,1582
chr2,5095000,5105000,1196
chr2,5100000,5110000,896
chr2,5105000,5115000,936
chr2,5110000,5120000,1785
chr2,5115000,5125000,2473
chr2,5120000,5130000,2566
chr2,5125000,5135000,2216
chr2,5130000,5140000,1943
chr2,5135000,5145000,1719
chr2,5140000,5150000,1534
chr2,5145000,5155000,1715
chr2,5150000,5160000,1304
chr2,5155000,5165000,1048
chr2,5160000,5170000,1275
chr2,5165000,5175000,1158
chr2,5170000,5180000,1214
chr2,5175000,5185000,1527
chr2,5180000,5190000,1769
chr2,5185000,5195000,1599
chr2,5190000,5200000,2136
chr2,5195000,5205000,1771
chr2,5200000,5210000,971
chr2,5205000,5215000,1269
chr2,5210000,5220000,1170
chr2,5215000,5225000,984
chr2,5220000,5230000,1235
chr2,5225000,5235000,1270
chr2,5230000,5240000,1129
chr2,5235000,5245000,1303
chr2,5240000,5250000,1593
chr2,5245000,5255000,1896
chr2,5250000,5260000,2340
chr2,5255000,5265000,1830
chr2,5260000,5270000,1422
chr2,5265000,5275000,1998
chr2,5270000,5280000,1853
chr2,5275000,5285000,1723
chr2,5280000,5290000,1607
chr2,5285000,5295000,1799
chr2,5290000,5300000,1678
chr2,5295000,5305000,3219
chr2,5300000,5310000,3583
chr2,5305000,5315000,2341
chr2,5310000,5320000,2115
chr2,5315000,5325000,1457
chr2,5320000,5330000,1402
chr2,5325000,5335000,1786
chr2,5330000,5340000,2122
chr2,5335000,5345000,2152
chr2,5340000,5350000,1656
chr2,5345000,5355000,1295
chr2,5350000,5360000,1340
chr2,5355000,5365000,1232
chr2,5360000,5370000,1497
chr2,5365000,5375000,1910
chr2,5370000,5380000,2173
chr2,5375000,5385000,1832
chr2,5380000,5390000,1930
chr2,5385000,5395000,2139
chr2,5390000,5400000,1642
chr2,5395000,5405000,1237
chr2,5400000,5410000,1599
chr2,5405000,5415000,1386
chr2,5410000,5420000,787
chr2,5415000,5425000,1553
chr2,5420000,5430000,1697
chr2,5425000,5435000,1490
chr2,5430000,5440000,1754
chr2,5435000,5445000,1720
chr2,5440000,5450000,2183
chr2,5445000,5455000,2096
chr2,5450000,5460000,1429
chr2,5455000,5465000,1889
chr2,5460000,5470000,2192
chr2,5465000,5475000,1781
chr2,5470000,5480000,1685
chr2,5475000,5485000,1483
chr2,5480000,5490000,1596
chr2,5485000,5495000,1895
chr2,5490000,5500000,1800
chr2,5495000,5505000,1920
chr2,5500000,5510000,2053
chr2,5505000,5515000,1948
chr2,5510000,5520000,1836
chr2,5515000,5525000,1350
chr2,5520000,5530000,1200
chr2,5525000,5535000,1375
chr2,5530000,5540000,1450
chr2,5535000,5545000,1349
chr2,5540000,5550000,1571
chr2,5545000,5555000,2282
chr2,5550000,5560000,2082
chr2,5555000,5565000,1539
chr2,5560000,5570000,1461
chr2,5565000,5575000,1398
chr2,5570000,5580000,1527
chr2,5575000,5585000,1606
chr2,5580000,5590000,1666
chr2,5585000,5595000,1405
chr2,5590000,5600000,978
chr2,5595000,5605000,1406
chr2,5600000,5610000,1400
chr2,5605000,5615000,1049
chr2,5610000,5620000,1410
chr2,5615000,5625000,1938
chr2,5620000,5630000,1870
chr2,5625000,5635000,1341
chr2,5630000,5640000,1265
chr2,5635000,5645000,1714
chr2,5640000,5650000,1835
chr2,5645000,5655000,1660
chr2,5650000,5660000,2091
chr2,5655000,5665000,2471
chr2,5660000,5670000,2077
chr2,5665000,5675000,2210
chr2,5670000,5680000,2513
chr2,5675000,5685000,2191
chr2,5680000,5690000,2763
chr2,5685000,5695000,3364
chr2,5690000,5700000,2871
chr2,5695000,5705000,2681
chr2,5700000,5710000,2000
chr2,5705000,5715000,968
chr2,5710000,5720000,1479
chr2,5715000,5725000,2256
chr2,5720000,5730000,3106
chr2,5725000,5735000,2524
chr2,5730000,5740000,2173
chr2,5735000,5745000,2998
chr2,5740000,5750000,2324
chr2,5745000,5755000,1982
chr2,5750000,5760000,2125
chr2,5755000,5765000,2287
chr2,5760000,5770000,2938
chr2,5765000,5775000,3655
chr2,5770000,5780000,3635
chr2,5775000,5785000,2786
chr2,5780000,5790000,2412
chr2,5785000,5795000,2716
chr2,5790000,5800000,2865
chr2,5795000,5805000,2834
chr2,5800000,5810000,2621
chr2,5805000,5815000,3289
chr2,5810000,5820000,3262
chr2,5815000,5825000,2858
chr2,5820000,5830000,3338
chr2,5825000,5835000,2628
chr2,5830000,5840000,1652
chr2,5835000,5845000,2384
chr2,5840000,5850000,2547
chr2,5845000,5855000,3179
chr2,5850000,5860000,3640
chr2,5855000,5865000,2987
chr2,5860000,5870000,3337
chr2,5865000,5875000,3520
chr2,5870000,5880000,2771
chr2,5875000,5885000,2231
chr2,5880000,5890000,3062
chr2,5885000,5895000,3494
chr2,5890000,5900000,3091
chr2,5895000,5905000,2678
chr2,5900000,5910000,2572
chr2,5905000,5915000,2601
chr2,5910000,5920000,2763
chr2,5915000,5925000,2864
chr2,5920000,5930000,2526
chr2,5925000,5935000,2233
chr2,5930000,5940000,2606
chr2,5935000,5945000,2647
chr2,5940000,5950000,2409
chr2,5945000,5955000,2493
chr2,5950000,5960000,2690
chr2,5955000,5965000,3146
chr2,5960000,5970000,2667
chr2,5965000,5975000,1499
chr2,5970000,5980000,900
chr2,5975000,5985000,2029
chr2,5980000,5990000,3066
chr2,5985000,5995000,2614
chr2,5990000,6000000,2302
chr2,5995000,6005000,2627
chr2,6000000,6010000,3036
chr2,6005000,6015000,3145
chr2,6010000,6020000,2079
chr2,6015000,6025000,933
chr2,6020000,6030000,1612
chr2,6025000,6035000,2423
chr2,6030000,6040000,2722
chr2,6035000,6045000,2241
chr2,6040000,6050000,1419
chr2,6045000,6055000,1683
chr2,6050000,6060000,2095
chr2,6055000,6065000,2015
chr2,6060000,6070000,1865
chr2,6065000,6075000,1883
chr2,6070000,6080000,2615
chr2,6075000,6085000,2938
chr2,6080000,6090000,2625
chr2,6085000,6095000,2771
chr2,6090000,6100000,2390
chr2,6095000,6105000,1799
chr2,6100000,6110000,2548
chr2,6105000,6115000,3443
chr2,6110000,6120000,3392
chr2,6115000,6125000,2917
chr2,6120000,6130000,1979
chr2,6125000,6135000,3066
chr2,6130000,6140000,4098
chr2,6135000,6145000,3896
chr2,6140000,6150000,3142
chr2,6145000,6155000,2127
chr2,6150000,6160000,3535
chr2,6155000,6165000,3711
chr2,6160000,6170000,2358
chr2,6165000,6175000,2299
chr2,6170000,6180000,2878
chr2,6175000,6185000,3162
chr2,6180000,6190000,4411
chr2,6185000,6195000,4442
chr2,6190000,6200000,3406
chr2,6195000,6205000,3126
chr2,6200000,6210000,2641
chr2,6205000,6215000,2829
chr2,6210000,6220000,3102
chr2,6215000,6225000,3185
chr2,6220000,6230000,2877
chr2,6225000,6235000,2650
chr2,6230000,6240000,2546
chr2,6235000,6245000,2864
chr2,6240000,6250000,3234
chr2,6245000,6255000,2988
chr2,6250000,6260000,3062
chr2,6255000,6265000,3026
chr2,6260000,6270000,2244
chr2,6265000,6275000,2255
chr2,6270000,6280000,3012
chr2,6275000,6285000,3187
chr2,6280000,6290000,3014
chr2,6285000,6295000,2603
chr2,6290000,6300000,3434
chr2,6295000,6305000,3096
chr2,6300000,6310000,2240
chr2,6305000,6315000,2450
chr2,6310000,6320000,2140
chr2,6315000,6325000,2247
chr2,6320000,6330000,2076
chr2,6325000,6335000,1950
chr2,6330000,6340000,2662
chr2,6335000,6345000,3657
chr2,6340000,6350000,3656
chr2,6345000,6355000,3073
chr2,6350000,6360000,2734
chr2,6355000,6365000,2371
chr2,6360000,6370000,2136
chr2,6365000,6375000,2327
chr2,6370000,6380000,2410
chr2,6375000,6385000,2399
chr2,6380000,6390000,2369
chr2,6385000,6395000,2364
chr2,6390000,6400000,2283
chr2,6395000,6405000,3063
chr2,6400000,6410000,3402
chr2,6405000,6415000,2474
chr2,6410000,6420000,1974
chr2,6415000,6425000,1486
chr2,6420000,6430000,1602
chr2,6425000,6435000,1714
chr2,6430000,6440000,1886
chr2,6435000,6445000,2514
chr2,6440000,6450000,2875
chr2,6445000,6455000,3062
chr2,6450000,6460000,2491
chr2,6455000,6465000,2312
chr2,6460000,6470000,3084
chr2,6465000,6475000,2923
chr2,6470000,6480000,2461
chr2,6475000,6485000,2395
chr2,6480000,6490000,2427
chr2,6485000,6495000,1833
chr2,6490000,6500000,1653
chr2,6495000,6505000,2270
chr2,6500000,6510000,1953
chr2,6505000,6515000,1828
chr2,6510000,6520000,1873
chr2,6515000,6525000,2251
chr2,6520000,6530000,3165
chr2,6525000,6535000,2890
chr2,6530000,6540000,2020
chr2,6535000,6545000,2274
chr2,6540000,6550000,2673
chr2,6545000,6555000,2144
chr2,6550000,6560000,1785
chr2,6555000,6565000,2203
chr2,6560000,6570000,2839
chr2,6565000,6575000,3144
chr2,6570000,6580000,2658
chr2,6575000,6585000,2250
chr2,6580000,6590000,1950
chr2,6585000,6595000,2295
chr2,6590000,6600000,2772
chr2,6595000,6605000,2263
chr2,6600000,6610000,3006
chr2,6605000,6615000,3057
chr2,6610000,6620000,3101
chr2,6615000,6625000,3846
chr2,6620000,6630000,3422
chr2,6625000,6635000,3377
chr2,6630000,6640000,3198
chr2,6635000,6645000,3389
chr2,6640000,6650000,3178
chr2,6645000,6655000,2170
chr2,6650000,6660000,2094
chr2,6655000,6665000,2286
chr2,6660000,6670000,2018
chr2,6665000,6675000,2243
chr2,6670000,6680000,3049
chr2,6675000,6685000,3263
chr2,6680000,6690000,2868
chr2,6685000,6695000,2685
chr2,6690000,6700000,2355
chr2,6695000,6705000,2550
chr2,6700000,6710000,2809
chr2,6705000,6715000,2395
chr2,6710000,6720000,2548
chr2,6715000,6725000,2398
chr2,6720000,6730000,2018
chr2,6725000,6735000,1994
chr2,6730000,6740000,2152
chr2,6735000,6745000,1835
chr2,6740000,6750000,1457
chr2,6745000,6755000,2043
chr2,6750000,6760000,2622
chr2,6755000,6765000,2077
chr2,6760000,6770000,1134
chr2,6765000,6775000,1492
chr2,6770000,6780000,2989
chr2,6775000,6785000,2802
chr2,6780000,6790000,1591
chr2,6785000,6795000,1831
chr2,6790000,6800000,1909
chr2,6795000,6805000,1831
chr2,6800000,6810000,1825
chr2,6805000,6815000,1427
chr2,6810000,6820000,1991
chr2,6815000,6825000,2431
chr2,6820000,6830000,1721
chr2,6825000,6835000,1409
chr2,6830000,6840000,1596
chr2,6835000,6845000,1834
chr2,6840000,6850000,1881
chr2,6845000,6855000,1564
chr2,6850000,6860000,1557
chr2,6855000,6865000,1498
chr2,6860000,6870000,1001
chr2,6865000,6875000,936
chr2,6870000,6880000,1724
chr2,6875000,6885000,2147
chr2,6880000,6890000,2031
chr2,6885000,6895000,1756
chr2,6890000,6900000,1500
chr2,6895000,6905000,1866
chr2,6900000,6910000,2014
chr2,6905000,6915000,1855
chr2,6910000,6920000,1788
chr2,6915000,6925000,1514
chr2,6920000,6930000,2055
chr2,6925000,6935000,3087
chr2,6930000,6940000,2585
chr2,6935000,6945000,1838
chr2,6940000,6950000,1575
chr2,6945000,6955000,1200
chr2,6950000,6960000,1350
chr2,6955000,6965000,1799
chr2,6960000,6970000,1836
chr2,6965000,6975000,1725
chr2,6970000,6980000,1612
chr2,6975000,6985000,1199
chr2,6980000,6990000,1343
chr2,6985000,6995000,2046
chr2,6990000,7000000,2091
chr2,6995000,7005000,1835
chr2,7000000,7010000,2675
chr2,7005000,7015000,2787
chr2,7010000,7020000,1947
chr2,7015000,7025000,2623
chr2,7020000,7030000,2772
chr2,7025000,7035000,2211
chr2,7030000,7040000,2584
chr2,7035000,7045000,2246
chr2,7040000,7050000,1604
chr2,7045000,7055000,2074
chr2,7050000,7060000,2116
chr2,7055000,7065000,1499
chr2,7060000,7070000,1447
chr2,7065000,7075000,2064
chr2,7070000,7080000,2245
chr2,7075000,7085000,1733
chr2,7080000,7090000,1343
chr2,7085000,7095000,1648
chr2,7090000,7100000,1870
chr2,7095000,7105000,1796
chr2,7100000,7110000,1795
chr2,7105000,7115000,1267
chr2,7110000,7120000,2174
chr2,7115000,7125000,2533
chr2,7120000,7130000,1256
chr2,7125000,7135000,1125
chr2,7130000,7140000,1874
chr2,7135000,7145000,2008
chr2,7140000,7150000,1334
chr2,7145000,7155000,1575
chr2,7150000,7160000,1864
chr2,7155000,7165000,1909
chr2,7160000,7170000,2007
chr2,7165000,7175000,1724
chr2,7170000,7180000,1603
chr2,7175000,7185000,1539
chr2,7180000,7190000,1348
chr2,7185000,7195000,1275
chr2,7190000,7200000,1350
chr2,7195000,7205000,1056
chr2,7200000,7210000,1307
chr2,7205000,7215000,1479
chr2,7210000,7220000,1904
chr2,7215000,7225000,1917
chr2,7220000,7230000,1542
chr2,7225000,7235000,1501
chr2,7230000,7240000,1500
chr2,7235000,7245000,1883
chr2,7240000,7250000,1946
chr2,7245000,7255000,1696
chr2,7250000,7260000,1371
chr2,7255000,7265000,1162
chr2,7260000,7270000,1536
chr2,7265000,7275000,1837
chr2,7270000,7280000,1723
chr2,7275000,7285000,1685
chr2,7280000,7290000,1725
chr2,7285000,7295000,2346
chr2,7290000,7300000,2093
chr2,7295000,7305000,1428
chr2,7300000,7310000,1233
chr2,7305000,7315000,1422
chr2,7310000,7320000,1676
chr2,7315000,7325000,1924
chr2,7320000,7330000,2530
chr2,7325000,7335000,2286
chr2,7330000,7340000,1724
chr2,7335000,7345000,1385
chr2,7340000,7350000,1496
chr2,7345000,7355000,1423
chr2,7350000,7360000,1534
chr2,7355000,7365000,1830
chr2,7360000,7370000,1860
chr2,7365000,7375000,2097
chr2,7370000,7380000,1573
chr2,7375000,7385000,1464
chr2,7380000,7390000,1773
chr2,7385000,7395000,1682
chr2,7390000,7400000,1832
chr2,7395000,7405000,1557
chr2,7400000,7410000,1348
chr2,7405000,7415000,1252
chr2,7410000,7420000,1046
chr2,7415000,7425000,859
chr2,7420000,7430000,1188
chr2,7425000,7435000,1413
chr2,7430000,7440000,1342
chr2,7435000,7445000,2316
chr2,7440000,7450000,2698
chr2,7445000,7455000,2085
chr2,7450000,7460000,1605
chr2,7455000,7465000,1383
chr2,7460000,7470000,1188
chr2,7465000,7475000,1528
chr2,7470000,7480000,1567
chr2,7475000,7485000,1500
chr2,7480000,7490000,1926
chr2,7485000,7495000,2395
chr2,7490000,7500000,1813
chr2,7495000,7505000,1192
chr2,7500000,7510000,1646
chr2,7505000,7515000,1424
chr2,7510000,7520000,2053
chr2,7515000,7525000,2308
chr2,7520000,7530000,1849
chr2,7525000,7535000,1745
chr2,7530000,7540000,1591
chr2,7535000,7545000,1835
chr2,7540000,7550000,1633
chr2,7545000,7555000,1726
chr2,7550000,7560000,2142
chr2,7555000,7565000,1863
chr2,7560000,7570000,1409
chr2,7565000,7575000,1275
chr2,7570000,7580000,1776
chr2,7575000,7585000,1852
chr2,7580000,7590000,1687
chr2,7585000,7595000,1571
chr2,7590000,7600000,1417
chr2,7595000,7605000,2121
chr2,7600000,7610000,2252
chr2,7605000,7615000,1775
chr2,7610000,7620000,2092
chr2,7615000,7625000,2573
chr2,7620000,7630000,2280
chr2,7625000,7635000,2176
chr2,7630000,7640000,1687
chr2,7635000,7645000,1107
chr2,7640000,7650000,1407
chr2,7645000,7655000,1873
chr2,7650000,7660000,1983
chr2,7655000,7665000,1270
chr2,7660000,7670000,1650
chr2,7665000,7675000,2495
chr2,7670000,7680000,2454
chr2,7675000,7685000,1760
chr2,7680000,7690000,1275
chr2,7685000,7695000,1575
chr2,7690000,7700000,1873
chr2,7695000,7705000,1538
chr2,7700000,7710000,863
chr2,7705000,7715000,1122
chr2,7710000,7720000,1612
chr2,7715000,7725000,1860
chr2,7720000,7730000,1642
chr2,7725000,7735000,1832
chr2,7730000,7740000,2087
chr2,7735000,7745000,1576
chr2,7740000,7750000,1232
chr2,7745000,7755000,1456
chr2,7750000,7760000,1688
chr2,7755000,7765000,1724
chr2,7760000,7770000,1809
chr2,7765000,7775000,1660
chr2,7770000,7780000,2163
chr2,7775000,7785000,2497
chr2,7780000,7790000,2142
chr2,7785000,7795000,1542
chr2,7790000,7800000,1082
chr2,7795000,7805000,1455
chr2,7800000,7810000,1832
chr2,7805000,7815000,1686
chr2,7810000,7820000,1346
chr2,7815000,7825000,1046
chr2,7820000,7830000,1531
chr2,7825000,7835000,2391
chr2,7830000,7840000,1788
chr2,7835000,7845000,1124
chr2,7840000,7850000,1821
chr2,7845000,7855000,1901
chr2,7850000,7860000,1360
chr2,7855000,7865000,1161
chr2,7860000,7870000,1038
chr2,7865000,7875000,1442
chr2,7870000,7880000,1717
chr2,7875000,7885000,1350
chr2,7880000,7890000,1900
chr2,7885000,7895000,2201
chr2,7890000,7900000,1387
chr2,7895000,7905000,674
chr2,7900000,7910000,675
chr2,7905000,7915000,1609
chr2,7910000,7920000,1943
chr2,7915000,7925000,1751
chr2,7920000,7930000,1866
chr2,7925000,7935000,1678
chr2,7930000,7940000,1642
chr2,7935000,7945000,1576
chr2,7940000,7950000,1575
chr2,7945000,7955000,1916
chr2,7950000,7960000,2390
chr2,7955000,7965000,1636
chr2,7960000,7970000,825
chr2,7965000,7975000,1576
chr2,7970000,7980000,1911
chr2,7975000,7985000,1712
chr2,7980000,7990000,1398
chr2,7985000,7995000,1583
chr2,7990000,8000000,2303
